<?xml version="1.0" encoding="UTF-8" ?>
<!DOCTYPE mapper
  PUBLIC "-//mybatis.org//DTD Mapper 3.0//EN"
  "https://mybatis.org/dtd/mybatis-3-mapper.dtd">
<mapper namespace="ezen.team.mapper.CartMapper">

<!-- 위시리스트 상품 담기 -->
<insert id="insertWish">
insert into user_wish(user_id, prod_no) 
values(#{id}, #{no})
</insert>

<!-- 해당 회원 아이디에 맞는 위시리스트 가져오기 -->
<select id="getWishList" resultType="hashmap">

select p.main_img, u.prod_no, p.prod_nm, p.price, p.point, u.wish_no 
from prod_master as p left outer join user_wish as u
on p.prod_no = u.prod_no 
where u.user_id = #{id} 
</select>


<!-- 해당번호에 해당하는 위시리스트 삭제하기 -->
<delete id="deleteWish">
delete from user_wish where wish_no = #{no}
</delete>


<!-- 장바구니에 상품 넣기 -->
<insert id="insertCart">
insert into cart(user_id, prod_no, qty, op_code, buy_yn, cart_dt)
values(#{id}, #{cartDTO.prod_no}, #{cartDTO.qty}, #{cartDTO.op_code}, 'N', now())
</insert>

<!-- 장바구니 리스트 가져오기 -->
<select id="getCartList" resultType="hashmap">
select c.user_id, c.prod_no, p.main_img, p.prod_nm, c.cart_no, c.qty, p.price, p.point
from prod_master as p left outer join cart as c 
on p.prod_no = c.prod_no
where c.user_id = #{id} AND c.buy_yn='N'
</select>

<!-- 장바구니 상품 유무 확인 -->
<select id="checkCart" resultType="CartDTO">
select * from cart where user_id = #{id} AND prod_no = #{no}
</select>

<!-- 장바구니에 상품이 이미 있을 경우 수량 1씩 증가 -->
<update id="modifyQty">
update cart set qty = #{pQty} where cart_no = #{cart_no}
</update>


<!-- 장바구니 상품 삭제하기 -->
<delete id="deleteCart">
delete from cart where cart_no = #{cartNo}
</delete>

<!--장바구니 수량 수정하기 -->
<update id="updateQty">
update cart set qty = #{pqty} where cart_no = #{cartNo} 
</update>

<!-- 찜바구니 유무 체크  -->
<select id="checkWish" resultType="WishDTO">
SELECT * FROM user_wish
WHERE
user_id = #{id}
AND
prod_no = #{no}
</select>

</mapper>

