<?xml version="1.0" encoding="UTF-8" ?>
<!DOCTYPE mapper
  PUBLIC "-//mybatis.org//DTD Mapper 3.0//EN"
  "https://mybatis.org/dtd/mybatis-3-mapper.dtd">
<mapper namespace="ezen.team.mapper.admin.PostMapper">

	<!-- 공지/팝업 등록 -->
	<insert id="postRegister">
		INSERT INTO post_mng (pst_gb, pst_ttl, wrt_id,
		strt_ymd, end_ymd, pst_img,
		pst_txt, pst_sts, req_id, aprv_id, req_dt)
		VALUES(#{pst_gb}, #{pst_ttl}, #{wrt_id}, #{strt_ymd}, #{end_ymd},
		#{pst_img},
		#{pst_txt}, '1', '윤학근' ,'SuperAdmin',now())
	</insert>

	<!-- 공지 리스트 가져오기 -->
	<select id="getList" resultType="PostDTO">
		SELECT * FROM post_mng
		ORDER BY
		pst_no DESC
		LIMIT #{startIndex}, #{cntPerPage}
	</select>
	<!-- 페이징 처리를 위한 총 갯수 가져오기 -->
	<select id="totalCnt" resultType="Integer">
		SELECT count(*) FROM post_mng
	</select>

	<select id="getListByNo" resultType="PostDTO">
		SELECT * FROM post_mng
		WHERE
		pst_no = #{pst_no}
	</select>
	
	<!-- 공지/팝업 수정처리  -->
	<update id="postUpdate" >
	UPDATE post_mng SET
	pst_ttl = #{pst_ttl},
	wrt_id = #{wrt_id},
	strt_ymd = #{strt_ymd},
	end_ymd = #{end_ymd},
	pst_img = #{pst_img},
	pst_txt = #{pst_txt},
	pst_sts = #{pst_sts},
	mod_dt = now(),
	aprv_dt = now()
	WHERE pst_no = #{pst_no}
	</update>
	
	<!-- 공지/팝업 삭제처리  -->
	<delete id="postDelete">
	DELETE FROM post_mng
	WHERE pst_no = #{pst_no}
	</delete>	




</mapper>